Binance;binance.com
Coinbase Pro;pro.coinbase.com
Huobi Global;huobi.com
Kraken;kraken.com
Bithumb;bithumb.com
Bitfinex;bitfinex.com
bitFlyer;bitflyer.com
Bitbank;bitbank.cc
Bitcoin-COM;bitcoin.com
Bitcoin-IT;bitcoin.it
litecoinpool;litecoinpool.org
Blockchain-INFO;blockchain.info
Blockchain-COM;blockchain.com
Bittrex;bittrex.com
Bitstamp;bitstamp.net
ZB.COM;zb.com
Binance.US;binance.us
Luno;luno.com
Upbit;upbit.com
Bibox;bibox.com
Coinone;coinone.co.kr
FTX;ftx.com
KuCoin;kucoin.com
ZBG;zbg.com
OKEx;okex.com
Poloniex;poloniex.com
HitBTC;hitbtc.com
Gate.io;gate.io
GOPAX;gopax.co.kr
Liquid;liquid.com
MXC;mxc.com
Bitrue;bitrue.com
Coineal;coineal.com
Huobi Korea;huobi.co.kr
Bithumb Global;bithumb.pro
Paribu;paribu.com
LATOKEN;latoken.com
CoinEx;coinex.com
EXMO;exmo.me
Bitvavo;bitvavo.com
Mercado Bitcoin;mercadobitcoin.com.br
P2PB2B;p2pb2b.io
BitMax;bitmax.io
Folgory;folgory.com
VCC Exchange;vcc.exchange
ProBit Exchange;probit.com
RightBTC;rightbtc.com
Indodax;indodax.com
BtcTurk | Pro;pro.btcturk.com
BW.com;bw.com
Huobi Russia;huobi.com.ru
OceanEx;oceanex.pro
BitZ;bitz.top
IndoEx;international.indoex.io
CoinDCX;coindcx.com
Hoo;hoo.com
CoinHe;coinhe.io
AAX;aax.com
CoinTiger;cointiger.com
BBX;bbx.com
Bilaxy;bilaxy.com
Gemini;gemini.com
Coinsbit;coinsbit.io
LBank;lbank.info
DigiFinex;digifinex.com
StormGain;stormgain.com
Alterdice;alterdice.com
Bitso;bitso.com
CEX.IO;cex.io
Binance JEX;jex.com
WazirX;wazirx.com
Hotbit;hotbit.io
Bitpanda Pro;bitpanda.com
Korbit;korbit.co.kr
Livecoin;livecoin.net
STEX;stex.com
Mercatox;mercatox.com
Bione;bione.cc
OKCoin;okcoin.com
Bitkub;bitkub.com
CoinField;coinfield.com
Zaif;zaif.jp
BTC-Alpha;btc-alpha.com
HBTC;hbtc.com
CROSS exchange;crossexchange.io
WhiteBIT;whitebit.com
BitMart;bitmart.com
Cryptonex;cryptonex.org
CoinBene;coinbene.com
BitBay;bitbay.net
Zebpay;zebpay.com
BITEXLIVE;bitexlive.com
TOKOK;tokok.com
NovaDAX;novadax.com.br
Waves Exchange;waves.exchange
BitcoinTrade;bitcointrade.com.br
LakeBTC;lakebtc.com
YoBit;yobit.net
Coindeal;coindeal.com
VinDAX;vindax.com
IDEX;idex.market
BitForex;bitforex.com
Dcoin;dcoin.com
Binance Jersey;binance.je
BitRabbit;bitrabbit.com
Currency.com;currency.com
FOBLGATE;foblgate.com
Crex24;crex24.com
OKEx Korea;okex.co.kr
VELIC;velic.io
Cryptology;cryptology.com
BigONE;big.one
Coinzo;coinzo.com
B2BX;b2bx.exchange
CryptoMarket;cryptomkt.com
TAGZ;tagz.com
Tidex;tidex.com
C2CX;c2cx.com
VINEX Network;vinex.network
BTC Markets;btcmarkets.net
Finexbox;finexbox.com
Koinim;koinim.com
Huobi Indonesia;huobi.com.co
Exrates;exrates.me
Independent Reserve;independentreserve.com
The Rock Trading;therocktrading.com
BitUBU;bitubu.com
Kuna;kuna.io
TradeOgre;tradeogre.com
CryptalDash;cryptaldash.com
CoinMate;coinmate.io
Tokens.net;tokens.net
Bleutrade;bleutrade.com
CoinJar;exchange.coinjar.com
Bithumb Singapore;bithumbsg.com
Bisq;bisq.network
Satang Pro;satang.pro
Huobi Thailand;huobi.co.th
DSX;dsx.uk
DragonEX;dragonex.io
Graviex;graviex.net
Coinut;coinut.com
Altilly;altilly.com
SouthXchange;southxchange.com
Lykke Exchange;lykke.com
CoinFalcon;coinfalcon.com
Ovis;ovis.com.tr
Binance DEX;binance.org
Braziliex;braziliex.com
PoloniDEX;poloniex.org
Omgfin;omgfin.com
BTC Trade UA;btc-trade.com.ua
Bgogo;bgogo.com
dYdX;trade.dydx.exchange
Tokenomy;tokenomy.com
50x;trade.50x.com
Coinsuper;coinsuper.com
Simex;simex.global
BKEX;bkex.com
CRXzone;crxzone.com
CoinMetro;coinmetro.com
SatoExchange;satoexchange.com
DDEX;ddex.io
itBit;itbit.com
Coinall;coinall.com
C-Patex;c-patex.com
DOBI Exchange;dobiexchange.com
Coinfloor;coinfloor.co.uk
HCoin;hcoin.com
Tidebit;tidebit.com
Loopring Exchange;loopring.io
BTC-exchange;btc-exchange.com
Coincheck;coincheck.com
EXX;exx.com
Paymium;paymium.com
Rfinex;rfinex.com
AidosMarket;aidosmarket.com
Switcheo Network;switcheo.network
BiKi;biki.cc
OTCBTC;otcbtc.com
BTCBOX;btcbox.co.jp
UPEX;ex.upex.io
Coinbit;coinbit.co.kr
Bitstamp (Ripple Gateway);bitstamp.net
Altcoin Trader;altcointrader.co.za
LiteBit.eu;litebit.eu
Bitbns;bitbns.com
Sistemkoin;sistemkoin.com
Uniswap;uniswap.org
Thodex;thodex.com
Bitcoin.com;exchange.bitcoin.com
ZG.com;zg.com
Buda;buda.com
Vebitcoin;vebitcoin.com
EtherFlyer;etherflyer.com
Rekeningku.com;rekeningku.com
Cat.Ex;catex.io
AirSwap;airswap.io
ExMarkets;exmarkets.com
VALR;valr.com
Bitonic;bitonic.nl
Gatehub;gatehub.net
Prizmbit;prizmbit.com
Stellarport;stellarport.io
EXIR;exir.io
Fatbtc;fatbtc.com
CoinCorner;coincorner.com
Namebase;namebase.io
Bittylicious;bittylicious.com
IDCM;idcm.io
Bancor Network;bancor.network
Bitci;bitci.com
Cobinhood;cobinhood.com
CITEX;citex.co.kr
Bitay;bitay.com
Bitsonic;bitsonic.co.kr
Lukki Exchange;app.lukki.io
Paritex;paritex.com
Beaxy;beaxy.com
Oasis;oasis.app
Cashierest;cashierest.com
GDAC;gdac.com
Bitex.la;bitex.la
Nominex;nominex.io
Txbit;txbit.io
Bidesk;bidesk.com
Triv Pro;tpro.co.id
EtherDelta (ForkDelta);forkdelta.app
BITEXBOOK;bitexbook.com
BitClude;bitclude.com
MBAex;mbaex.com
FreiExchange;freiexchange.com
WBF Exchange;wbf.live
Birake Network;birake.com
ChainX;chainx.kr
Coinlim;coinlim.com
Binance.KR;binance.kr
RuDEX;rudex.org
Bithesap;bithesap.com
EMX;trade.emx.com
CoinsBank;coinsbank.com
BCEX;bcex.ca
BitAsset;bitasset.com
ABCC;abcc.com
Kryptono;kryptono.exchange
CPDAX;cpdax.com
Chiliz;chiliz.net
CoinZest;kr.coinzest.com
BITStorage;bitstorage.finance
Kyber Network;kyber.network
Virtuse Exchange;virtuse.com
ACX;acx.io
token.store;token.store
COSS;coss.io
FEX;fexpro.net
Stellarterm;stellarterm.com
CoinEgg;coinegg.com
Bitfront;bitfront.me
Xcalibra;xcalibra.com
Nocks;nocks.com
Globitex;globitex.com
CBX;cbx.one
Coingi;coingi.com
Metal X;metalx.com
Cryptomate;cryptomate.co.uk
Allbit;allbit.com
TimeX;timex.io
Hanbitco;hanbitco.com
Xena Exchange;xena.exchange
LocalTrade;localtrade.cc
Shortex ;shortex.net
Tokocrypto;tokocrypto.com
Bitvast;bitvast.com
Hubi;hubi.com
YunEx;yunex.io
ViteX;vitex.net
Ecxx;ecxx.com
Dex-Trade;dex-trade.com
PayBito;paybito.com
TOPBTC;topbtc.one
InfinityCoin Exchange;infinitycoin.exchange
CCXCanada;ccxcanada.com
RippleFox;ripplefox.com
OVEX;ovex.io
NAGAX;nagax.com
BitShares Asset Exchange;cryptofresh.com
Serenity;serenity.exchange
Polyx;polyx.net
Artis Turba;artisturba.com
Coinbe;coinbe.net
Bitsdaq;bitsdaq.com
Radar Relay;radarrelay.com
Ripple China;wg.iripplechina.com
Trade By Trade;tradebytrade.com
CoinPlace;coinplace.pro
Blackmoon;blackmoon.net
Coinhub;coinhub.io
CHAOEX;chaoex.com
OOOBTC;ooobtc.com
Allcoin;allcoin.com
xFutures;xfutures.io
Bitnaru;bitnaru.com
DEx.top;dex.top
Trade.io;exchange.trade.io
HaloDeX;halodex.io
Heat Wallet;heatwallet.com
BCoin.sg;bcoin.sg
Bits Blockchain;bitsblockchain.com
ISX;beta.isx.is
Global Blockchain Exchange;exchange.gbx.gi
eToroX;etoro.com
changelly;changelly.com
anycoin;anycoindirect.eu
shapeshift;classic.shapeshift.com
bybit;bybit.com
ternion;ternion.exchange
libertex;libertex.com
plus500;plus500.com
electrum;electrum.org
electrum documentation;electrum.readthedocs.io
getmonero;getmonero.org
bitcoin de;bitcoin.de
ledger hardware wallet;ledger.com
trezor hardware wallet;trezor.io
